datacenter-server-001,$@m3$tr0ng_!p@$$w0rD!-01
datacenter-server-002,$@m3$tr0ng_!p@$$w0rD!-02
datacenter-server-003,$@m3$tr0ng_!p@$$w0rD!-03
datacenter-server-004,$@m3$tr0ng_!p@$$w0rD!-04
datacenter-server-005,$@m3$tr0ng_!p@$$w0rD!-05
datacenter-server-006,$@m3$tr0ng_!p@$$w0rD!-06
datacenter-server-007,$@m3$tr0ng_!p@$$w0rD!-07
datacenter-server-008,$@m3$tr0ng_!p@$$w0rD!-08
datacenter-server-009,$@m3$tr0ng_!p@$$w0rD!-09
datacenter-server-010,$@m3$tr0ng_!p@$$w0rD!-10
datacenter-server-011,$@m3$tr0ng_!p@$$w0rD!-11
datacenter-server-012,$@m3$tr0ng_!p@$$w0rD!-12
datacenter-server-013,$@m3$tr0ng_!p@$$w0rD!-13
datacenter-server-014,$@m3$tr0ng_!p@$$w0rD!-14
datacenter-server-015,$@m3$tr0ng_!p@$$w0rD!-15
datacenter-server-016,$@m3$tr0ng_!p@$$w0rD!-16
datacenter-server-017,$@m3$tr0ng_!p@$$w0rD!-17
datacenter-server-018,$@m3$tr0ng_!p@$$w0rD!-18
datacenter-server-019,$@m3$tr0ng_!p@$$w0rD!-19
datacenter-server-020,$@m3$tr0ng_!p@$$w0rD!-20
datacenter-server-021,$@m3$tr0ng_!p@$$w0rD!-21
datacenter-server-022,$@m3$tr0ng_!p@$$w0rD!-22
datacenter-server-023,$@m3$tr0ng_!p@$$w0rD!-23
datacenter-server-024,$@m3$tr0ng_!p@$$w0rD!-24
datacenter-server-025,$@m3$tr0ng_!p@$$w0rD!-25
datacenter-server-026,$@m3$tr0ng_!p@$$w0rD!-26
datacenter-server-027,$@m3$tr0ng_!p@$$w0rD!-27
datacenter-server-028,$@m3$tr0ng_!p@$$w0rD!-28
datacenter-server-029,$@m3$tr0ng_!p@$$w0rD!-29
datacenter-server-030,$@m3$tr0ng_!p@$$w0rD!-30
datacenter-server-031,$@m3$tr0ng_!p@$$w0rD!-31
datacenter-server-032,$@m3$tr0ng_!p@$$w0rD!-32
datacenter-server-033,$@m3$tr0ng_!p@$$w0rD!-33
datacenter-server-034,$@m3$tr0ng_!p@$$w0rD!-34
datacenter-server-035,$@m3$tr0ng_!p@$$w0rD!-35
datacenter-server-036,$@m3$tr0ng_!p@$$w0rD!-36
datacenter-server-037,$@m3$tr0ng_!p@$$w0rD!-37
datacenter-server-038,$@m3$tr0ng_!p@$$w0rD!-38
datacenter-server-039,$@m3$tr0ng_!p@$$w0rD!-39
datacenter-server-040,$@m3$tr0ng_!p@$$w0rD!-40
datacenter-server-041,$@m3$tr0ng_!p@$$w0rD!-41
datacenter-server-042,$@m3$tr0ng_!p@$$w0rD!-42
datacenter-server-043,$@m3$tr0ng_!p@$$w0rD!-43
datacenter-server-044,$@m3$tr0ng_!p@$$w0rD!-44
datacenter-server-045,$@m3$tr0ng_!p@$$w0rD!-45
datacenter-server-046,$@m3$tr0ng_!p@$$w0rD!-46
datacenter-server-047,$@m3$tr0ng_!p@$$w0rD!-47
datacenter-server-048,$@m3$tr0ng_!p@$$w0rD!-48
datacenter-server-049,$@m3$tr0ng_!p@$$w0rD!-49
datacenter-server-050,$@m3$tr0ng_!p@$$w0rD!-50
datacenter-server-051,$@m3$tr0ng_!p@$$w0rD!-51
datacenter-server-052,$@m3$tr0ng_!p@$$w0rD!-52
datacenter-server-053,$@m3$tr0ng_!p@$$w0rD!-53
datacenter-server-054,$@m3$tr0ng_!p@$$w0rD!-54
datacenter-server-055,$@m3$tr0ng_!p@$$w0rD!-55
datacenter-server-056,$@m3$tr0ng_!p@$$w0rD!-56
datacenter-server-057,$@m3$tr0ng_!p@$$w0rD!-57
datacenter-server-058,$@m3$tr0ng_!p@$$w0rD!-58
datacenter-server-059,$@m3$tr0ng_!p@$$w0rD!-59
datacenter-server-060,$@m3$tr0ng_!p@$$w0rD!-60
datacenter-server-061,$@m3$tr0ng_!p@$$w0rD!-61
datacenter-server-062,$@m3$tr0ng_!p@$$w0rD!-62
datacenter-server-063,$@m3$tr0ng_!p@$$w0rD!-63
datacenter-server-064,$@m3$tr0ng_!p@$$w0rD!-64
datacenter-server-065,$@m3$tr0ng_!p@$$w0rD!-65
datacenter-server-066,$@m3$tr0ng_!p@$$w0rD!-66
datacenter-server-067,$@m3$tr0ng_!p@$$w0rD!-67
datacenter-server-068,$@m3$tr0ng_!p@$$w0rD!-68
datacenter-server-069,$@m3$tr0ng_!p@$$w0rD!-69
datacenter-server-070,$@m3$tr0ng_!p@$$w0rD!-70
datacenter-server-071,$@m3$tr0ng_!p@$$w0rD!-71
datacenter-server-072,$@m3$tr0ng_!p@$$w0rD!-72
datacenter-server-073,$@m3$tr0ng_!p@$$w0rD!-73
datacenter-server-074,$@m3$tr0ng_!p@$$w0rD!-74
datacenter-server-075,$@m3$tr0ng_!p@$$w0rD!-75
datacenter-server-076,$@m3$tr0ng_!p@$$w0rD!-76
datacenter-server-077,$@m3$tr0ng_!p@$$w0rD!-77
datacenter-server-078,$@m3$tr0ng_!p@$$w0rD!-78
datacenter-server-079,$@m3$tr0ng_!p@$$w0rD!-79
datacenter-server-080,$@m3$tr0ng_!p@$$w0rD!-80
datacenter-server-081,$@m3$tr0ng_!p@$$w0rD!-81
datacenter-server-082,$@m3$tr0ng_!p@$$w0rD!-82
datacenter-server-083,$@m3$tr0ng_!p@$$w0rD!-83
datacenter-server-084,$@m3$tr0ng_!p@$$w0rD!-84
datacenter-server-085,$@m3$tr0ng_!p@$$w0rD!-85
datacenter-server-086,$@m3$tr0ng_!p@$$w0rD!-86
datacenter-server-087,$@m3$tr0ng_!p@$$w0rD!-87
datacenter-server-088,$@m3$tr0ng_!p@$$w0rD!-88
datacenter-server-089,$@m3$tr0ng_!p@$$w0rD!-89
datacenter-server-090,$@m3$tr0ng_!p@$$w0rD!-90
datacenter-server-091,$@m3$tr0ng_!p@$$w0rD!-91
datacenter-server-092,$@m3$tr0ng_!p@$$w0rD!-92
datacenter-server-093,$@m3$tr0ng_!p@$$w0rD!-93
datacenter-server-094,$@m3$tr0ng_!p@$$w0rD!-94
datacenter-server-095,$@m3$tr0ng_!p@$$w0rD!-95
datacenter-server-096,$@m3$tr0ng_!p@$$w0rD!-96
datacenter-server-097,$@m3$tr0ng_!p@$$w0rD!-97
datacenter-server-098,$@m3$tr0ng_!p@$$w0rD!-98
datacenter-server-099,$@m3$tr0ng_!p@$$w0rD!-99
datacenter-server-100,$@m3$tr0ng_!p@$$w0rD!-100
